{
  "val": {
    "information--pedestrians-crossing--g1": {
      "precision": 0.9047619047619048,
      "recall": 1.0,
      "f1-score": 0.95,
      "support": 19.0
    },
    "other-sign": {
      "precision": 0.9636363636363636,
      "recall": 0.8833333333333333,
      "f1-score": 0.9217391304347826,
      "support": 60.0
    },
    "regulatory--no-entry--g1": {
      "precision": 0.9,
      "recall": 0.9473684210526315,
      "f1-score": 0.9230769230769231,
      "support": 19.0
    },
    "regulatory--stop--g1": {
      "precision": 0.8421052631578947,
      "recall": 0.9411764705882353,
      "f1-score": 0.8888888888888888,
      "support": 17.0
    },
    "regulatory--yield--g1": {
      "precision": 1.0,
      "recall": 1.0,
      "f1-score": 1.0,
      "support": 19.0
    },
    "accuracy": 0.9328358208955224,
    "macro avg": {
      "precision": 0.9221007063112326,
      "recall": 0.9543756449948401,
      "f1-score": 0.9367409884801189,
      "support": 134.0
    },
    "weighted avg": {
      "precision": 0.9360033394204643,
      "recall": 0.9328358208955224,
      "f1-score": 0.9328650781765643,
      "support": 134.0
    }
  },
  "test": {
    "information--pedestrians-crossing--g1": {
      "precision": 0.9523809523809523,
      "recall": 0.9523809523809523,
      "f1-score": 0.9523809523809523,
      "support": 21.0
    },
    "other-sign": {
      "precision": 0.9333333333333333,
      "recall": 0.8571428571428571,
      "f1-score": 0.8936170212765957,
      "support": 49.0
    },
    "regulatory--no-entry--g1": {
      "precision": 0.8947368421052632,
      "recall": 1.0,
      "f1-score": 0.9444444444444444,
      "support": 17.0
    },
    "regulatory--stop--g1": {
      "precision": 0.8125,
      "recall": 0.8666666666666667,
      "f1-score": 0.8387096774193549,
      "support": 15.0
    },
    "regulatory--yield--g1": {
      "precision": 0.9444444444444444,
      "recall": 1.0,
      "f1-score": 0.9714285714285714,
      "support": 17.0
    },
    "accuracy": 0.9159663865546218,
    "macro avg": {
      "precision": 0.9074791144527987,
      "recall": 0.9352380952380951,
      "f1-score": 0.9201161333899839,
      "support": 119.0
    },
    "weighted avg": {
      "precision": 0.9175371025603224,
      "recall": 0.9159663865546218,
      "f1-score": 0.9154430291906284,
      "support": 119.0
    }
  }
}