{
  "val": {
    "information--pedestrians-crossing--g1": {
      "precision": 0.9473684210526315,
      "recall": 0.9473684210526315,
      "f1-score": 0.9473684210526315,
      "support": 19.0
    },
    "other-sign": {
      "precision": 0.890625,
      "recall": 0.95,
      "f1-score": 0.9193548387096774,
      "support": 60.0
    },
    "regulatory--no-entry--g1": {
      "precision": 0.8947368421052632,
      "recall": 0.8947368421052632,
      "f1-score": 0.8947368421052632,
      "support": 19.0
    },
    "regulatory--stop--g1": {
      "precision": 1.0,
      "recall": 0.8235294117647058,
      "f1-score": 0.9032258064516129,
      "support": 17.0
    },
    "regulatory--yield--g1": {
      "precision": 1.0,
      "recall": 0.9473684210526315,
      "f1-score": 0.972972972972973,
      "support": 19.0
    },
    "accuracy": 0.9253731343283582,
    "macro avg": {
      "precision": 0.946546052631579,
      "recall": 0.9126006191950464,
      "f1-score": 0.9275317762584316,
      "support": 134.0
    },
    "weighted avg": {
      "precision": 0.9286380597014925,
      "recall": 0.9253731343283582,
      "f1-score": 0.9253926531249593,
      "support": 134.0
    }
  },
  "test": {
    "information--pedestrians-crossing--g1": {
      "precision": 1.0,
      "recall": 0.7619047619047619,
      "f1-score": 0.8648648648648649,
      "support": 21.0
    },
    "other-sign": {
      "precision": 0.8181818181818182,
      "recall": 0.9183673469387755,
      "f1-score": 0.8653846153846154,
      "support": 49.0
    },
    "regulatory--no-entry--g1": {
      "precision": 0.9411764705882353,
      "recall": 0.9411764705882353,
      "f1-score": 0.9411764705882353,
      "support": 17.0
    },
    "regulatory--stop--g1": {
      "precision": 0.8,
      "recall": 0.8,
      "f1-score": 0.8,
      "support": 15.0
    },
    "regulatory--yield--g1": {
      "precision": 1.0,
      "recall": 0.9411764705882353,
      "f1-score": 0.9696969696969697,
      "support": 17.0
    },
    "accuracy": 0.8823529411764706,
    "macro avg": {
      "precision": 0.9118716577540107,
      "recall": 0.8725250100040016,
      "f1-score": 0.8882245841069369,
      "support": 119.0
    },
    "weighted avg": {
      "precision": 0.891520244461421,
      "recall": 0.8823529411764706,
      "f1-score": 0.8827803092508976,
      "support": 119.0
    }
  }
}