{
  "val": {
    "IoU@0.3": {
      "precision": 0.0066326530612244895,
      "recall": 0.09701492537313433,
      "f1": 0.01241642788920726,
      "tp": 13,
      "fp": 1947,
      "fn": 121
    },
    "IoU@0.5": {
      "precision": 0.004081632653061225,
      "recall": 0.05970149253731343,
      "f1": 0.0076408787010506215,
      "tp": 8,
      "fp": 1952,
      "fn": 126
    },
    "IoU@0.7": {
      "precision": 0.0035714285714285713,
      "recall": 0.05223880597014925,
      "f1": 0.006685768863419293,
      "tp": 7,
      "fp": 1953,
      "fn": 127
    }
  },
  "test": {
    "IoU@0.3": {
      "precision": 0.008913649025069638,
      "recall": 0.13445378151260504,
      "f1": 0.01671891327063741,
      "tp": 16,
      "fp": 1779,
      "fn": 103
    },
    "IoU@0.5": {
      "precision": 0.008356545961002786,
      "recall": 0.12605042016806722,
      "f1": 0.015673981191222573,
      "tp": 15,
      "fp": 1780,
      "fn": 104
    },
    "IoU@0.7": {
      "precision": 0.006685236768802228,
      "recall": 0.10084033613445378,
      "f1": 0.012539184952978056,
      "tp": 12,
      "fp": 1783,
      "fn": 107
    }
  }
}